Id,Category
10892,49
45031,15
168700,2
184542,57
276842,2
238962,0
212480,2
51590,33
291652,57
257712,57
42690,57
281222,28
58481,2
73932,33
115471,33
218820,33
71062,28
71111,57
51091,33
287022,1
288361,57
262010,7
115352,57
240570,2
35812,2
156540,2
249660,57
128492,22
162922,57
122100,33
138852,2
34030,20
284040,57
11991,1
262611,57
193270,57
249201,2
126942,53
20080,57
196491,3
103841,57
201651,56
168980,1
203910,33
277610,44
148190,57
86462,33
240231,57
246331,57
45312,33
128940,1
113552,57
1380,21
183082,57
285142,57
6242,2
3082,2
44990,1
201402,33
216201,33
176712,53
245301,39
286972,22
1272,57
199230,2
81820,39
70760,1
91460,57
96562,54
109261,57
205800,33
191270,33
21280,57
11351,1
84031,32
153542,33
270261,57
36892,53
189192,14
206562,21
6240,57
174441,2
210851,53
80352,57
152340,1
3762,2
226242,32
183780,39
209870,39
249980,56
132311,33
159351,28
290672,30
178832,39
135941,57
289021,33
250301,2
275602,57
36341,11
267082,18
261521,57
229280,57
96180,37
42402,33
90332,33
137711,57
265891,57
12181,1
201331,57
211512,2
57392,2
220460,33
28830,56
291792,24
95642,33
203892,33
59621,43
247360,11
38572,19
121550,28
21281,57
151482,33
252750,1
296380,57
184831,57
87652,33
119751,18
197522,3
167510,2
125741,57
115772,57
165010,2
27992,2
212912,53
141181,26
48181,2
98891,2
68690,2
2690,33
71570,57
67621,3
202391,57
184080,33
281461,34
192671,57
226220,57
126301,2
98450,2
290141,29
267811,57
112291,57
62211,2
169490,2
6500,52
215882,38
88650,33
193901,5
75022,33
144792,9
161100,3
182330,57
250802,2
132061,39
257271,53
270902,19
227372,33
244480,57
208712,26
298752,33
15252,33
270092,57
68510,57
222582,57
75662,57
229162,57
131502,57
193641,17
141312,12
281282,2
128042,57
264472,2
5281,57
192882,33
63011,33
27912,3
69301,2
47760,33
148830,33
172792,35
148290,18
253382,57
219761,57
267262,33
1920,57
94192,39
176690,57
262180,57
36632,33
274640,13
93491,2
82342,57
166122,33
22060,57
32462,57
6402,57
207841,33
103110,43
108780,57
257472,2
228182,57
274632,2
152201,57
155902,57
71791,2
243440,57
12810,53
134200,33
99410,2
77501,2
269290,19
202901,39
116622,41
196171,2
210631,33
195711,1
41152,57
137390,7
253751,2
228432,57
284600,33
95781,57
152301,27
194742,33
82931,48
231521,33
240242,57
92312,57
203721,57
219421,57
202650,57
167031,57
210340,37
270052,57
96550,33
123242,2
54650,57
185030,33
261840,2
40572,57
122672,57
240050,39
159301,3
147492,51
38961,57
158372,21
79200,33
219500,2
120402,33
247442,1
18891,21
110681,57
251852,2
115022,2
61991,57
56752,53
86921,57
99461,33
84692,33
79780,23
46180,57
20400,57
9631,33
110852,33
219461,13
111160,20
108230,33
205460,33
159852,57
222,57
228680,57
187352,1
92310,1
72982,57
23900,39
236640,57
111612,2
229820,3
89812,33
93020,49
10722,2
291691,30
194600,57
38022,2
151851,33
298740,12
1540,33
289260,2
193791,33
175721,2
158452,3
177011,33
256330,2
219741,57
138690,2
235890,1
176602,1
31630,33
52071,36
104231,20
195561,33
283840,33
201600,33
2282,57
274161,33
110120,57
11392,57
80812,2
226332,17
198270,57
94752,57
110492,2
2010,22
139670,2
148571,57
267821,57
107780,57
48300,37
214722,4
218622,2
158090,18
13521,33
282992,33
272162,21
258532,21
85901,57
218642,2
71220,33
64352,39
253421,33
156421,2
184532,33
95112,33
231762,44
81321,57
287821,2
170772,57
741,57
270820,2
283272,33
299660,33
245351,33
56950,2
134332,57
175360,33
160471,33
135201,2
72332,2
291261,13
283812,33
140502,18
44500,14
85992,2
36830,33
143590,56
75742,33
171400,23
288620,57
157292,21
10642,33
280201,57
17310,57
13690,33
269762,33
233251,56
256730,33
239622,33
202190,2
92990,2
231862,33
290221,57
168540,33
296231,57
185102,57
267661,57
175401,57
108041,57
287740,57
64110,33
233120,57
6391,40
58432,57
106411,1
164491,33
274642,57
285991,1
104751,2
283342,2
147940,2
112971,39
123451,43
194761,2
117811,57
155232,57
81241,3
265730,1
191811,57
109742,33
144380,44
242591,21
262511,57
139890,21
77871,2
111911,33
68832,2
205452,1
98560,2
287930,54
110221,57
149162,39
280142,13
294882,39
249602,33
155502,3
39192,41
7730,33
99082,57
131450,33
173400,2
186141,53
264161,57
152091,2
260991,57
34322,33
280712,57
76032,57
181310,39
30702,33
146902,57
171160,2
232360,6
62102,19
248780,57
85962,57
179942,3
162352,57
126351,57
68910,53
11611,6
198460,33
54770,43
200331,34
7790,37
203701,5
61031,50
103232,19
55480,18
13232,1
153811,57
284771,33
151181,34
180251,57
73032,57
1791,2
17952,33
282410,22
229641,33
98732,57
225711,33
134781,1
76740,2
87292,8
150311,57
284210,57
182251,57
95751,50
25171,55
263280,45
143110,57
204100,2
215141,57
24941,22
290862,57
59482,22
32372,39
138742,28
223571,2
227681,33
99752,57
122632,18
194920,33
212611,12
117381,54
43841,33
128060,8
77841,57
94030,57
16350,2
153192,57
197741,33
250531,57
29230,18
224430,33
249351,33
173222,3
37610,57
281871,57
137180,57
1871,2
232182,57
260851,33
25182,30
237290,13
145211,49
115030,33
287970,57
129502,33
207731,57
286431,2
48762,57
46370,25
233791,57
34970,2
164121,33
10022,57
194100,57
103992,57
280512,13
263992,39
280510,33
256470,12
261230,57
67892,33
222660,1
17160,44
7681,53
133630,57
48241,53
212911,57
88522,2
270550,33
26491,44
68580,2
47392,18
134160,56
61580,57
232941,57
295042,57
163312,57
142002,33
35830,57
160130,57
240180,57
98351,57
93461,33
219171,33
122830,17
183522,57
286181,13
255482,33
96352,39
14671,57
67701,57
23370,12
195960,2
291220,33
100590,56
221000,39
146912,1
107381,2
21581,57
38610,57
164330,46
42270,22
277480,0
72891,57
290092,17
162030,37
106310,2
187132,53
71931,57
53520,2
292981,29
57282,38
164440,57
16761,57
157431,19
111740,0
199391,44
207220,57
229600,57
69462,18
272201,2
36122,17
227262,33
245620,57
208811,57
223781,56
204210,39
41992,57
242740,57
48572,57
263111,17
149941,2
241372,57
136382,39
178342,39
40592,57
183970,57
279301,57
280522,57
87270,33
61431,57
33050,18
81771,1
113941,33
17921,1
90382,35
94872,57
163680,24
271402,2
63540,53
260822,1
163071,1
14030,54
259140,52
144940,57
180242,41
227360,33
118471,2
143750,57
284141,2
91891,1
210581,50
170760,30
133991,1
261372,30
254231,50
98581,57
285192,57
131872,57
128462,57
236072,2
138300,57
15132,1
271371,23
80911,18
27230,57
47831,57
176922,15
36410,57
239690,33
171442,57
110732,56
158761,34
57950,18
247292,57
251041,33
36531,33
59592,57
219342,57
167591,33
16012,33
189602,57
68801,39
12560,57
156610,57
268862,57
232602,57
280012,29
43761,33
15012,33
295141,2
200711,57
89880,57
177781,11
215031,39
22320,33
183321,1
131330,52
86852,57
194321,2
289611,57
203992,20
130322,54
178622,28
104552,2
282951,57
47790,29
28201,3
270121,22
268832,33
186971,57
160241,33
181162,2
262601,33
128920,53
44142,57
228492,39
139450,46
43521,57
176411,33
244270,33
279111,57
93061,49
46781,2
6380,35
102860,1
271240,57
162570,57
299771,57
281292,1
236102,33
14501,57
48590,35
259872,57
274380,33
135490,33
200172,18
71060,57
79421,57
25691,2
19710,33
239740,31
191272,1
177372,57
61990,18
121672,32
252252,57
222571,2
119151,5
105321,56
53172,57
582,57
286920,1
285402,2
10342,57
167702,57
200621,42
2001,57
271162,37
249352,57
257250,57
221650,57
222760,39
222792,57
4900,2
114530,39
254180,57
182321,57
247810,2
93871,33
114902,12
231282,2
121551,37
98102,57
39662,15
27600,49
248021,57
177982,57
167340,33
160122,14
228660,1
140111,57
41590,6
185961,38
243081,3
206492,39
277360,2
66180,19
150012,33
65190,1
82780,33
140861,33
87662,57
91152,18
119331,6
4772,57
170551,50
92452,1
298850,57
68660,57
290332,53
116380,13
293850,22
272721,33
134251,9
286410,57
297712,33
286192,57
143741,39
94572,33
231522,1
57160,2
125511,57
173151,57
291581,33
222820,32
96910,57
53500,57
287032,32
123070,33
108971,57
45921,2
273701,57
26291,2
204681,56
172221,57
262011,57
76392,54
208911,25
287901,43
52582,33
294281,33
275122,57
147002,57
153752,11
16972,43
3880,2
190421,57
159291,33
64470,57
177251,57
221940,2
105531,2
207851,22
274331,38
201510,57
189861,33
184180,57
109662,57
94932,57
102420,57
115582,39
25771,11
241741,33
76142,2
216582,57
105750,18
222190,57
25701,43
161032,57
12251,2
155580,37
291771,57
29570,57
158940,28
57671,57
150581,2
113341,57
298712,57
47932,1
66310,57
75652,33
70421,56
121341,33
196581,57
26762,57
195460,57
161731,57
92912,2
126680,57
208631,57
106672,57
124520,57
198490,39
230341,41
49392,33
53491,33
180391,57
78330,57
142652,57
290191,33
124972,57
49172,49
259421,33
187291,57
94862,57
36101,3
163932,57
277580,2
199760,57
8010,39
110612,56
278611,49
36672,39
255192,57
79720,28
170950,50
143280,56
43590,33
195402,57
99261,33
56680,53
46822,57
198862,57
174532,38
4341,33
60150,33
265200,57
113952,49
80150,15
135020,39
155570,2
231622,54
24402,27
30092,2
169741,56
114762,56
132960,2
42322,57
77790,56
40131,57
128211,57
232940,44
93792,42
188101,33
209352,2
213562,57
218992,2
140352,57
191311,2
19140,2
191791,2
293702,33
231442,33
152820,57
243120,57
45090,57
205080,57
165552,33
236871,33
251011,33
294872,1
209682,57
8782,30
139571,57
108502,1
53792,33
58080,2
277802,57
46421,19
146771,57
27212,57
123292,0
282302,57
291210,57
106581,57
126310,2
211892,2
107190,2
297540,18
123802,56
100980,56
129942,57
255571,3
19792,20
80540,33
275690,43
206410,57
7342,39
98050,9
175491,33
218062,2
54541,33
266122,57
184812,32
184610,52
76051,33
191782,19
236802,11
286490,57
169581,45
153711,57
243942,2
40372,39
197871,57
131711,33
141370,57
197941,33
274381,39
174940,57
91001,57
80761,44
154452,14
255312,57
51122,57
2931,2
108970,49
76912,1
142660,57
141991,2
144042,2
213552,8
251332,57
6142,57
163270,18
200001,57
55390,30
298421,26
114881,33
185210,33
194762,2
241061,33
75941,44
299021,33
233022,57
59781,18
251470,57
56790,19
21542,19
63910,39
137661,57
157750,2
118821,2
60740,2
83671,57
92561,2
198972,33
235151,33
140052,57
55330,57
233420,57
178011,57
271332,30
59522,18
121552,37
22080,55
1841,53
133272,34
53370,33
169151,13
103122,57
68940,2
268352,33
165222,57
2591,51
154792,37
286162,13
161160,23
111991,57
192291,5
239312,57
207852,57
148371,2
152032,57
265681,2
283891,43
178492,57
221351,49
253701,57
26052,28
294301,38
35441,2
56991,53
37061,57
28972,33
54131,57
266592,33
238772,3
248602,57
156581,17
162582,57
272362,33
1401,33
137340,2
254702,57
222800,33
79752,0
126731,2
268571,57
34851,57
165130,57
206812,22
42992,57
109851,19
254461,28
5460,57
139242,57
106322,42
37911,33
278782,33
262841,57
80420,33
40180,57
252861,1
25981,2
149401,57
153721,33
44820,57
165481,33
150312,22
205230,2
257441,57
18511,57
294241,12
164052,23
145462,57
20601,33
77160,2
53322,33
31551,57
250142,43
66842,57
72720,57
260280,39
255262,57
150161,39
79940,57
150901,2
6772,56
291522,57
1182,57
91690,33
227371,30
46172,13
60562,57
73890,54
18551,33
260740,57
49070,57
7300,57
107252,57
261652,57
86282,57
286652,36
135021,39
196312,29
22280,57
229881,33
82112,17
262301,57
227661,33
280132,57
247321,18
298882,57
272052,33
216732,2
228052,2
220661,33
66380,2
127512,57
279340,2
285351,57
224582,33
134111,32
255572,27
274281,54
159061,2
290621,57
66581,52
203551,33
108700,33
178850,57
255660,53
81421,2
253460,57
256911,57
210961,18
265301,1
167220,25
95670,57
111591,57
291972,33
58180,57
199132,2
270850,57
284802,57
276482,39
31130,57
98072,57
160911,56
130661,57
293252,33
231861,33
32311,33
62310,57
107261,25
198222,57
101442,57
206250,33
129741,57
36121,2
161462,39
243502,13
4672,12
132270,1
99790,20
210790,33
138162,57
2042,5
93721,57
138021,49
72761,57
242042,33
149950,2
123921,19
289852,2
133232,37
106382,57
5120,35
12410,57
175451,2
89472,2
287690,32
44350,57
135131,54
34391,53
227330,57
260901,2
262411,57
183101,30
299610,57
63562,18
130280,22
243880,33
8060,1
174612,2
197602,57
168912,33
251640,2
98912,57
254972,57
258560,57
191771,2
183812,57
5942,33
198212,20
80291,33
87552,57
61621,57
233740,2
141140,11
270542,57
32051,33
208592,33
241642,39
149521,57
235982,2
18320,57
164281,57
295081,2
243500,1
47910,53
153602,57
31752,57
109561,33
267211,2
116012,41
671,14
85341,57
205322,2
15162,2
145430,25
65330,57
26302,2
89102,57
122770,57
186671,22
153611,17
44590,2
241330,33
190961,3
200782,57
165661,57
86942,33
17070,43
260362,57
80261,57
203370,33
279920,33
236001,57
35792,33
108501,43
270640,57
100502,39
150932,57
76872,57
158631,24
233082,2
119931,16
74431,57
66421,37
132140,2
290080,51
153481,33
151050,2
277091,57
180560,33
67302,2
45870,2
147371,2
48010,18
235570,39
133670,3
282152,13
189990,18
23282,25
133782,57
138962,44
178281,21
64801,39
127422,33
27580,2
99521,1
257460,15
241182,39
277571,33
179782,43
49620,2
193171,44
95271,28
1331,56
103152,54
107921,57
147350,2
40772,57
242101,10
93740,52
177090,18
205210,2
95732,2
6572,33
146810,57
18392,57
3422,25
204002,57
166040,57
175842,57
283881,13
199950,57
255270,48
46561,12
233820,33
170012,33
220380,1
112580,33
172410,1
130792,57
82540,15
295071,50
156380,39
226501,57
270020,3
224872,33
148502,33
13170,57
222621,2
128410,18
147011,57
133962,57
217641,57
260062,33
259250,18
291482,44
275271,1
259252,57
223321,33
137302,57
26820,43
66750,53
133070,57
189851,5
56012,57
17681,28
279371,57
89010,33
61120,3
244341,57
39152,57
240042,57
119371,2
224081,32
142472,43
272061,2
183500,57
176620,57
7002,1
47772,33
166901,2
282232,1
263101,33
245682,57
208751,33
23440,25
290441,1
226052,50
198360,1
149821,33
45371,49
64931,33
32232,57
148942,32
32841,57
264200,57
215412,1
145890,33
112471,2
107831,2
257701,53
124310,2
14090,2
113182,1
167942,57
220552,55
222502,2
74100,57
290851,15
119820,35
143292,39
228701,57
235020,33
155712,57
147430,57
37011,20
213761,33
286402,57
57942,2
197420,14
33370,1
222341,17
23171,57
106841,57
296422,57
242190,2
246752,29
248842,3
136370,28
151040,18
120531,2
119422,53
203351,57
72831,33
163431,2
40960,48
112442,57
193480,33
210070,57
264771,2
226511,33
156632,33
11282,18
32740,33
29050,33
267142,56
61901,57
119590,2
261162,57
297230,57
262560,43
7611,57
167120,33
287241,44
191162,28
268981,33
47940,23
86422,1
288421,57
290620,57
208972,57
64310,33
11512,33
244530,51
59552,43
25341,43
284882,18
273041,11
55670,53
242112,57
168211,34
218282,57
91581,18
279971,23
223021,57
15170,43
133830,57
153020,18
246461,11
276440,57
8441,2
227740,54
88342,11
138630,53
198530,57
230640,24
160871,2
3822,57
187471,57
64542,13
277430,57
172281,2
204370,57
291800,2
462,57
195670,33
196041,33
107702,2
81391,4
15771,18
178530,2
21541,50
149121,57
3421,13
32142,57
76242,3
136472,57
271762,16
223491,30
297381,57
168511,57
152150,53
222130,57
267570,33
74092,57
60012,1
186872,57
189541,2
135032,33
108332,39
253330,2
62600,57
190051,39
39640,33
940,57
130371,48
119780,33
144430,57
168431,33
128340,33
34390,56
4300,33
2932,2
158040,24
101031,21
88952,57
24601,53
96172,33
60981,57
97030,57
289962,2
81190,33
149552,33
223692,57
146800,41
701,2
262031,57
153941,18
125031,57
219932,57
65082,33
105052,2
257440,21
153382,39
254232,25
18131,2
226040,8
92770,56
167991,30
255671,39
51410,33
112410,33
186790,30
80222,18
196140,12
222030,42
52341,57
147810,57
149992,2
152761,33
77802,2
92612,44
214450,18
239181,39
32800,57
61480,53
183391,33
33602,57
159842,33
274492,57
251810,57
18812,53
111422,1
170341,11
232380,57
243020,57
167460,57
216440,57
103111,57
285551,13
264321,21
89821,57
134001,2
209162,57
197690,41
242892,2
220510,39
29681,57
282720,2
119932,57
227481,3
64711,32
208892,2
107022,40
281381,57
256060,57
243962,2
276462,53
28561,57
22981,57
279570,30
260552,22
124812,10
186382,52
255160,57
143231,1
26092,33
42782,57
247932,57
73021,33
143602,57
118110,33
70162,33
116582,57
203260,11
152541,57
138382,57
263960,2
7510,57
17992,1
271102,57
40232,57
229840,2
296781,4
171862,1
24672,25
278041,57
128072,2
95370,56
184630,57
280802,57
37861,57
281402,33
197781,57
46361,33
89530,17
161932,57
32001,46
140682,33
271050,53
138932,57
216680,2
239400,57
222202,57
142731,57
95811,13
287981,57
40221,39
1611,57
202292,57
39130,57
211542,2
9780,57
154301,35
212992,57
151581,39
163822,57
223200,57
92092,18
167700,33
37732,33
149542,57
264302,57
61591,33
224311,19
36022,2
281681,33
52681,23
209821,57
158930,38
146531,33
200422,2
244292,57
226171,57
269852,39
42140,30
260420,39
177332,33
15050,46
79322,57
31430,57
216790,4
88231,43
5712,26
290420,2
25560,55
196180,57
64390,50
173240,33
205391,57
100452,57
261952,57
265731,39
204071,57
203622,33
78900,33
59910,57
53970,57
43562,50
184862,57
281071,0
93861,18
57722,56
215532,33
132891,33
46492,15
179622,33
225221,57
74342,1
277670,57
13971,1
217210,2
149010,33
5552,19
263230,57
171020,57
16731,1
270822,24
125691,24
282781,13
203770,18
76091,2
186682,57
2820,53
238940,33
160742,57
285972,57
254030,57
209350,57
34011,57
219251,18
110282,33
8892,57
297242,53
18902,1
189520,57
155730,33
227560,33
123872,33
160211,6
8150,49
68242,2
202272,57
246760,43
44071,2
128872,57
137500,57
257801,44
222182,1
35042,57
79931,26
187212,57
176611,39
272662,53
13890,2
77240,57
971,57
288592,0
270851,29
269311,57
6840,18
274820,33
223152,1
50120,2
572,33
129440,33
93502,1
257621,17
77131,57
55572,45
227622,57
59181,57
72802,57
157692,33
15790,57
227900,39
189101,57
153252,17
59161,46
224991,2
84750,38
256361,20
171531,2
79992,11
164070,33
239892,33
117960,2
220191,33
141631,2
107501,2
258272,53
115462,57
146790,13
53432,1
298831,33
129291,33
293801,57
188741,33
113650,30
237781,57
65112,39
139031,2
292802,1
107730,57
84631,57
278552,2
143020,17
129652,57
87772,53
146981,53
203781,2
99002,2
33471,12
78421,3
286791,57
134000,39
285512,57
99351,13
251802,30
33131,1
246050,33
294582,57
201660,53
291761,57
246380,2
232712,57
122602,57
190641,1
13182,57
265692,29
220611,53
139841,43
229362,45
82350,1
244451,57
273652,17
264492,57
98231,33
24530,57
30302,13
265401,49
270671,3
142081,15
195122,53
189301,33
151931,57
120850,57
97521,2
128760,1
68951,2
31321,54
175172,57
287591,54
22961,57
35930,57
123810,43
223201,39
270632,21
32450,57
280640,2
160692,57
129902,18
158071,39
68311,57
63132,57
273461,53
87601,33
242012,28
261150,37
120782,57
107060,57
280752,45
190140,33
242932,39
106301,39
52692,33
242960,27
189972,33
288861,57
31392,1
36790,1
26950,57
174131,57
148012,2
151272,57
107902,33
289862,2
35272,57
250352,33
90950,33
249090,33
215630,57
58160,20
162722,33
14060,39
65932,57
98372,57
254522,3
128931,57
68772,2
156852,21
166241,33
170691,25
122472,57
53530,33
20882,57
292401,57
3342,57
276841,2
179132,33
93372,2
91011,57
115282,57
177922,53
171230,33
205691,33
142432,33
94921,30
86731,3
158852,43
287980,57
175232,54
230950,57
293172,33
110450,2
101012,13
175622,57
59311,2
145190,57
216820,57
153022,2
82572,57
242762,18
74601,54
88501,2
121980,57
279152,49
80370,33
200241,33
25941,57
278022,57
179901,57
7920,56
19371,57
126482,44
37822,33
107041,2
74940,57
115792,1
216851,57
271652,39
19132,57
59980,39
207482,57
277830,2
59441,57
137772,3
41850,2
116322,32
56130,2
253581,53
240440,57
290671,53
276862,2
84992,57
170482,2
610,12
215702,44
271760,57
24721,33
192050,33
232701,43
201330,57
63302,2
168751,57
121440,39
104990,2
276732,57
184980,12
20420,57
79340,57
218572,1
70092,2
67982,57
64851,57
240502,39
87592,33
30022,2
190691,11
226662,44
10942,48
127000,33
42771,2
18991,19
283241,57
199211,50
143271,2
81350,57
261430,57
286390,57
226710,2
244220,57
299382,57
94091,43
19152,57
268071,57
100710,2
192241,57
207492,57
242642,2
199000,57
106660,57
234762,2
98161,33
101722,2
273982,33
269532,1
168052,17
176021,2
222120,2
122902,57
239112,57
113102,57
268791,33
97890,48
26091,57
164851,11
962,18
30922,57
116702,57
239441,57
120811,33
111330,33
229202,57
185500,28
206310,28
146552,24
64151,56
48662,44
173372,1
131430,33
250361,33
235191,2
226011,57
137420,46
115961,57
132490,1
154632,57
233992,39
74682,57
173652,57
83582,57
70670,57
20172,33
160331,10
271862,1
280430,57
62771,57
271681,1
166392,57
78771,57
41771,1
286141,33
196460,33
213842,11
209161,33
191620,28
199751,57
144360,57
159732,2
153710,56
279802,33
165242,57
170220,33
145850,23
181062,57
190611,57
168880,2
55342,49
70870,33
78931,2
6621,57
125141,2
20472,43
214160,39
2020,43
142841,57
13961,57
90170,33
122621,57
110330,57
4812,21
200810,57
125810,17
205332,14
159071,2
217450,33
203511,1
250332,39
258032,39
225230,33
260942,2
140280,57
50910,2
222862,57
243991,33
134162,13
263171,3
289411,1
256591,57
148661,3
99361,54
50392,33
265672,57
96282,33
209711,2
144411,50
79702,13
142082,2
274890,38
52072,41
244450,33
36021,2
281701,3
276461,3
113890,57
212322,20
81270,2
85042,53
132701,29
174752,2
184072,33
176302,33
205980,33
298111,57
232172,2
61842,57
19860,57
162520,33
30310,57
77771,57
183412,2
239730,57
116112,57
191901,57
269561,33
170371,57
33900,2
24131,33
10792,33
17650,56
43251,39
152350,57
137312,19
98881,57
56482,1
119090,44
196200,57
229491,15
132530,2
271440,2
201361,57
285181,56
5142,57
231062,57
140062,57
190101,1
37161,54
262161,39
18230,2
257370,35
249230,2
252391,2
125932,33
29710,2
157741,33
254221,57
218450,48
266500,3
154882,33
201040,12
110420,57
177492,2
7011,57
235282,33
56171,57
81810,52
61642,17
223880,39
222072,2
180841,1
47780,46
7472,33
194330,49
220270,56
293270,28
130492,57
188422,57
159142,2
197461,57
42302,57
45931,43
232761,28
201640,33
263642,57
156082,2
257782,57
243370,56
252032,57
158981,27
63420,33
152352,57
101390,29
214990,2
124161,33
17640,3
21271,57
211332,2
202142,50
4930,57
41322,57
276532,1
64152,33
64721,55
122332,57
87160,29
159771,57
291370,2
177560,2
189632,33
133061,57
284930,57
266172,2
22851,2
170200,57
191682,10
224571,33
289670,2
95470,57
92731,11
20450,2
125892,57
294181,57
96732,57
291890,17
223831,57
177032,57
186931,33
266221,33
28662,57
136511,57
270240,39
54820,33
247811,13
21112,51
44801,29
47842,30
74162,57
32750,23
101221,39
169541,33
181320,33
79121,57
165832,57
231230,21
63151,33
106051,2
292731,2
135851,37
120152,33
71301,57
88321,33
222340,53
219511,18
245402,53
286500,10
187332,18
22611,57
85241,5
215390,39
203560,2
169851,37
238070,1
13021,1
271992,2
239752,50
158890,2
122230,2
230741,57
223222,57
117430,39
268692,57
99401,57
83900,39
249231,2
18831,33
245691,53
219820,33
136671,1
204461,2
94301,21
98082,6
276572,20
72412,57
133520,39
205012,2
268932,1
213692,57
161621,57
113260,53
277930,33
230411,57
218852,57
193770,13
130090,33
275832,57
10012,17
158970,57
229502,17
174742,2
121240,49
216821,33
32070,1
241352,2
217481,17
238550,57
162701,42
170132,2
91250,57
252191,57
16330,2
176540,52
136852,56
18092,23
117460,20
88881,33
244362,29
101882,57
169752,33
190931,53
8941,57
134602,57
289241,39
177052,57
111691,13
221851,2
174132,39
181852,57
45111,57
206140,2
237420,33
81292,33
138761,33
136501,2
57482,50
154582,2
214162,35
132470,57
101240,18
191191,1
135451,2
87171,57
29490,2
181240,44
208460,33
97040,57
94740,2
272840,57
18220,33
33352,57
172512,11
299211,1
235961,28
58591,2
284272,13
61211,30
75800,57
203242,33
24890,33
261072,39
299982,57
107271,33
40901,57
145421,43
294972,33
34592,33
68482,33
135670,30
75010,57
128640,57
222791,2
4941,45
72762,33
48451,56
228991,53
186280,33
156880,33
198172,33
11822,57
224190,57
60440,57
231901,33
281721,33
61000,53
148222,57
283391,1
149931,49
74031,2
257292,57
32532,57
205001,2
220691,2
66610,33
191971,3
24572,2
217601,33
90620,39
168720,3
229730,13
83282,57
245801,11
40342,56
63851,57
136430,18
47791,2
33620,57
217471,39
92241,44
254792,53
54801,9
54690,57
226552,57
26611,57
88642,33
193622,57
62350,53
46632,57
186961,15
27291,2
207740,57
94111,53
81901,2
223621,2
8540,2
80030,33
210642,57
83660,2
295862,33
252282,57
176812,52
76691,33
196750,18
157060,2
95472,30
132400,57
10131,57
296562,38
39450,39
273741,57
258010,15
6192,2
226562,2
35971,3
274320,57
285312,57
246181,3
280080,20
278441,33
151282,1
181222,57
173092,57
292782,57
101432,2
95471,2
159521,57
240002,57
17800,57
32561,57
242860,57
218361,56
56332,2
209362,57
237031,8
107150,2
43031,12
239311,33
273260,33
50951,57
109952,6
156231,57
198741,33
73590,26
106031,57
109790,57
124421,1
7471,56
212452,9
13402,33
223942,2
115250,1
19692,22
285060,17
70490,20
153360,39
89261,57
136951,18
157870,33
101341,57
79352,57
143112,57
291021,2
235592,1
179621,2
290341,0
96210,33
151600,2
270171,6
275032,33
279692,41
9751,57
95430,2
297051,38
108621,19
183021,57
210772,57
216011,13
187751,49
261300,57
2590,57
227441,39
118650,39
10751,31
100431,57
18351,57
288880,57
59362,18
45290,57
269601,39
272050,2
170750,33
295231,57
204591,51
149082,33
191410,57
141082,57
241680,15
215190,33
25380,17
160770,57
203361,39
132391,39
104792,13
91480,33
246011,57
129900,57
19662,33
208322,57
257130,57
84872,28
238132,57
125520,57
65052,57
55392,57
68771,51
162731,57
68290,33
50421,57
253312,57
263360,57
92602,57
77940,33
185722,26
139340,33
10060,53
96630,2
9620,57
20960,21
162101,51
246452,56
25340,2
80190,18
117911,22
273202,33
75140,14
135012,1
129051,33
41141,2
232902,52
246021,39
84171,33
269580,12
202352,33
254062,53
1622,2
50431,15
96962,43
175570,2
48891,1
174962,2
17230,57
183510,51
279741,13
108772,57
161202,18
259272,33
99441,57
292042,2
29440,2
31910,57
206302,50
250631,56
73761,57
274561,1
296561,33
264152,21
24562,57
292670,0
287642,21
116091,2
250382,2
283890,30
220002,39
40610,1
52402,57
78812,57
221350,22
70270,33
78430,33
81002,1
12642,33
64082,13
100712,57
185471,57
220242,33
150082,57
140522,57
214932,15
238122,38
108372,1
83942,33
62260,2
213570,57
30970,57
45000,33
45722,51
148922,39
185361,57
87200,2
243240,2
128390,33
42862,30
149330,57
169281,18
44521,37
286131,2
166370,46
195461,57
111171,33
158360,28
15260,2
270790,18
152762,2
132751,39
264452,15
150001,53
156450,57
40720,2
130231,2
282740,2
2252,30
226741,50
104150,33
219580,53
31451,18
116641,33
268351,39
161171,2
78222,18
53852,57
140510,33
128941,33
131552,57
41840,57
150882,57
67970,57
153592,0
131010,2
127491,50
125441,57
216571,57
188852,57
268821,45
262110,1
142270,56
137422,33
132650,20
114552,2
132330,33
259061,2
249031,57
191492,33
153580,57
135951,15
116360,13
29782,15
132121,57
297580,18
51871,1
111841,57
35490,18
117931,57
21612,57
23882,57
231300,50
186661,56
168060,57
137252,33
217992,57
73062,57
51970,57
291020,21
285092,2
26000,53
238042,50
105290,2
190891,2
57682,13
198960,13
11250,1
99451,33
267730,2
133621,57
125062,57
217552,33
245030,57
170402,2
255460,33
175350,57
10612,57
66301,57
108592,39
222810,33
260630,33
16920,2
53072,18
290082,57
173831,57
172742,27
276880,57
106800,2
240550,57
241390,39
52930,41
6421,57
27012,33
243630,2
183041,1
259520,39
1241,33
271460,33
61461,57
43991,57
53891,44
153200,2
204231,1
118591,15
35012,25
247541,2
125740,21
115731,55
205921,57
158790,2
113221,57
238401,18
218332,51
290490,57
205641,2
206682,6
16120,57
238810,2
119942,57
136032,44
291862,2
45751,57
52650,39
137461,57
215480,33
229291,13
54712,57
118401,2
12110,57
184580,57
182391,33
56782,57
251591,33
181032,33
254321,6
118212,33
9110,1
78151,2
235962,33
84081,22
22640,1
257740,33
138330,33
124670,57
294581,28
188060,10
252361,57
166021,28
207462,57
94061,57
155150,57
157100,33
147031,33
88080,33
148480,57
288052,17
135961,57
246701,57
114092,57
134091,33
283422,57
52320,2
148402,57
107301,45
39051,57
25930,33
220652,2
151920,57
132381,51
94971,2
20302,33
296580,33
217501,57
138642,57
7012,2
159372,30
15242,33
273130,2
289022,33
268461,57
262322,57
4942,33
13451,57
84712,33
274210,57
83281,11
30880,57
246060,57
216632,57
260890,33
207892,39
241531,57
100342,57
199161,33
113652,2
227380,57
244541,31
113160,57
230222,20
273351,18
201350,56
272861,2
69691,29
103602,44
116062,43
168311,49
277440,2
21992,33
180981,17
34811,2
178251,48
111682,54
178180,57
139412,57
233520,44
102602,57
233312,33
258852,18
118790,1
286102,49
120151,2
92170,57
166460,1
251301,43
7462,39
293691,57
3120,34
241591,33
234291,34
111792,2
142141,20
113462,57
89901,21
153410,2
146971,57
276701,57
195442,18
116332,57
95012,33
28741,43
20861,0
89221,57
208412,37
219661,2
84512,57
206911,57
152742,21
139110,49
234280,57
11442,57
277952,30
184652,57
2741,2
267622,57
54310,57
259522,33
208131,39
148501,2
270040,45
178812,33
35622,57
88880,33
149830,37
71591,3
27792,2
87831,1
290842,2
284391,57
36271,1
280621,57
299430,43
37992,57
172840,53
187600,57
280932,17
279392,12
296991,2
249841,2
263922,39
86162,33
107612,2
169180,39
175561,33
132000,57
76442,10
285830,33
152720,3
54321,57
207491,57
43062,33
197120,56
169312,57
225321,57
82592,3
62902,1
571,2
5260,33
183810,33
4600,57
207782,39
153562,33
95270,57
285132,57
94410,14
77561,57
258142,2
35840,33
50982,57
162312,18
19042,53
187961,57
170741,18
225661,37
23081,33
242382,2
225780,29
108760,33
77102,2
260590,30
78880,53
242551,33
110171,57
207561,39
3461,57
162230,57
210201,19
72372,38
24281,33
232320,57
287231,57
113590,39
163372,57
239510,22
156132,43
151711,33
164682,33
174261,54
189980,2
253180,15
128700,39
124311,2
46001,57
120412,43
248062,2
78282,57
242000,33
135222,37
106772,21
129981,40
32622,57
27602,24
46231,57
293832,33
240561,4
202630,57
64962,2
79382,28
236811,57
24792,2
65080,44
270831,2
174361,41
126181,57
29621,26
44201,33
218381,33
237130,33
111411,33
246842,33
166640,57
122241,57
56962,1
298082,39
115900,57
203030,33
180751,15
136082,39
280552,57
285070,50
173081,57
38871,52
264271,33
296282,13
232362,18
77162,57
199572,57
12351,57
257992,1
215111,57
23342,57
263370,1
263852,57
172401,2
120711,33
30150,57
266202,33
267390,22
137541,57
34132,2
153391,57
140852,2
62290,11
257762,46
17842,56
194370,2
3182,57
103311,57
131301,39
154510,57
289131,29
97531,28
37251,2
131802,39
49752,35
262361,57
128801,2
74661,57
149940,57
300,53
47840,50
138180,53
51712,36
181011,2
142912,33
126601,57
298772,57
115400,43
253252,33
220620,53
4700,57
39211,39
12871,22
96772,2
27641,17
58162,2
272660,39
187551,41
287160,57
242221,2
103200,57
250651,57
23071,57
273112,2
112011,57
33530,2
270300,57
95291,2
41000,2
59421,44
52241,29
65401,33
26691,2
22772,57
47431,57
102181,27
290611,57
222832,57
203531,57
31521,57
294952,46
266121,43
70650,57
61302,23
104381,33
159151,57
76950,57
200632,57
137852,57
47721,39
185801,57
23872,57
51101,2
39801,57
57812,2
147702,15
258071,57
289820,2
69560,39
237691,2
286142,57
109271,50
194002,33
77702,37
280262,2
17051,57
251490,2
248290,33
182631,33
181081,33
177081,33
178090,57
119631,57
297492,17
171480,57
295010,33
141701,57
62821,57
155432,2
248561,2
32652,33
160092,2
147792,18
271161,2
113151,57
210580,45
42062,13
233270,53
149300,14
116020,12
258520,2
231760,33
103282,28
127202,57
46692,57
87480,53
213592,53
266710,27
30841,57
215171,33
273541,57
214812,33
18871,57
188461,33
167171,2
299510,10
237660,11
143550,37
30192,39
202101,1
197901,57
296341,33
140712,43
274722,33
64351,39
34180,57
55172,57
235350,3
294022,2
271931,39
143640,10
44290,6
250460,54
251612,17
28501,57
104742,2
121752,50
237111,57
72331,4
186882,57
35022,2
177431,2
248942,33
90211,56
228202,2
281572,57
127721,12
288301,57
99590,3
285990,57
118660,2
81892,57
116561,2
292012,15
151302,18
202180,57
283772,39
23562,3
192362,48
193260,31
148671,33
268651,44
13460,57
273880,33
10800,36
4861,2
255762,56
171162,33
225662,57
202571,57
107701,13
215132,57
170641,53
153922,17
47852,57
182891,57
150902,56
86922,57
192132,57
286862,57
20781,54
122312,2
240540,2
222602,33
258682,33
205051,18
207381,33
50921,57
27650,33
10231,53
184091,53
37070,33
210652,57
63891,34
128841,30
292871,3
121202,2
210291,13
32192,57
12892,1
241342,57
261160,20
95141,39
15411,48
177840,12
37771,49
104432,33
135811,57
212051,2
35281,57
256422,39
209790,57
178891,57
152512,33
251960,2
298132,17
124481,57
219671,57
271812,33
7550,57
163702,57
175130,57
144231,2
11350,57
50052,57
173581,57
164921,57
90682,0
35070,57
227072,57
5882,18
242851,33
285550,33
242292,57
111332,57
82310,57
39530,2
130780,2
83682,2
173901,20
32590,39
295601,43
34521,57
106501,1
157032,57
64281,33
20750,51
228752,57
9130,57
225252,1
223902,33
192210,22
93522,22
207982,56
107580,29
152170,57
287450,1
298192,57
182240,57
54971,57
43190,33
212632,2
11021,33
297700,57
27062,57
137311,3
105350,33
181562,3
284872,2
177271,57
185442,33
39511,41
145671,35
227710,1
13581,53
158782,57
290310,57
206552,2
156542,53
260920,2
265270,33
283121,57
19382,2
206770,25
53591,57
150830,57
159561,33
8562,22
251731,29
173532,57
127012,57
46192,57
19890,57
277701,2
110811,33
294211,33
169082,49
241062,57
7842,25
139902,33
52621,53
272782,57
190411,57
70940,33
127510,33
146040,39
242291,57
241822,2
145692,57
71480,57
185970,33
6381,57
136350,57
5582,33
223751,46
255510,57
75171,33
172952,2
32281,57
216120,33
288512,50
208581,57
22892,20
226601,24
196580,57
277100,11
267840,57
68221,44
152302,57
140942,56
259650,57
162151,57
75810,57
75251,57
289811,33
231770,17
164900,1
271562,57
67422,57
226282,57
72862,2
23280,57
116802,22
148891,2
119421,57
201452,2
192672,57
82621,1
216202,17
235022,57
262610,2
287912,13
198371,57
149781,33
168791,2
242001,33
99152,17
53742,2
61542,33
21931,57
254600,2
155420,11
245072,2
179832,57
94371,2
121480,2
193012,1
242052,2
216782,2
209250,2
39322,33
83550,2
297882,57
13441,57
225421,2
286510,29
120500,52
227942,11
208932,33
206180,13
138340,2
121332,14
80520,20
88940,53
168232,20
285261,2
239350,57
247341,2
43650,22
220832,2
238482,57
135612,2
53892,56
76622,3
74450,57
271981,45
210852,39
227220,57
218540,39
93900,57
275892,2
35770,3
28062,28
282800,33
126990,46
235052,33
100762,57
274490,57
162291,39
186022,34
12891,2
102931,29
44612,2
61681,57
121630,25
203212,39
202751,57
299531,37
104060,33
267701,21
164752,2
241282,56
139690,57
107182,2
220610,53
208361,17
8511,53
54632,57
13301,33
4901,18
287011,57
201072,2
125491,17
31940,18
180221,2
228851,33
188660,18
216240,2
163311,2
131292,57
22242,57
61432,57
56101,2
299062,57
37541,49
81102,43
217700,0
149411,57
21941,2
180732,57
299141,33
98441,29
26530,33
219350,56
241830,38
21962,2
194360,33
264442,11
231101,2
142171,57
299361,1
246520,23
249200,29
241211,2
118050,57
81701,57
279020,57
59792,57
194422,2
81511,45
197052,57
64992,17
299551,33
74390,2
7260,34
219260,53
25961,2
288942,57
84280,13
265880,53
229222,33
245292,57
296192,57
183180,37
5791,47
176240,33
267901,57
8080,39
156312,2
17741,6
284932,40
296080,2
17181,33
117870,1
237301,57
201090,57
36161,56
257591,56
41762,40
140711,57
249100,57
15501,57
200080,57
154330,57
235840,52
220632,57
96672,57
171920,56
296450,18
205140,18
242452,33
219652,57
67221,0
165541,23
49751,53
199982,57
78561,2
181322,2
291222,57
265431,33
253400,56
158251,2
13481,38
87350,2
215222,57
100480,36
183772,2
56910,2
186990,12
185270,2
227522,56
120432,33
290961,33
203981,0
156862,3
95152,56
61281,18
163832,12
213500,33
191350,33
295032,11
3711,33
1422,22
93722,47
141640,33
43762,57
28011,57
12632,45
111752,57
36440,25
27691,2
152402,39
91940,57
138450,1
131101,2
126931,33
135092,57
273890,57
14032,57
234792,1
263361,13
43030,32
274962,28
34401,13
89921,2
139482,2
66242,30
276391,57
62641,33
30451,57
251402,57
192642,33
106211,57
189680,13
193352,57
108491,57
169582,57
14362,2
278610,56
184792,57
99482,17
170431,39
175390,33
209561,10
118270,33
192000,39
145150,33
143870,57
176301,57
186611,1
202672,33
210160,43
285492,2
228250,2
184472,33
209472,33
292302,33
203382,39
156901,2
98150,2
181771,2
170070,57
226870,37
221460,57
226262,2
87562,53
114792,57
194141,44
236542,53
290252,30
62722,25
77720,53
58842,1
250432,14
207112,2
108552,57
228220,53
242980,39
250822,33
26612,39
12881,1
139022,23
258212,2
20181,18
180260,57
216281,39
135281,2
233040,2
196760,33
225560,2
284201,57
149091,39
199791,48
3372,33
117652,2
11642,57
292011,57
298342,33
263192,57
68321,39
197951,33
267391,35
294161,57
58032,2
21181,53
155901,19
72932,42
262771,57
12651,33
22971,33
120242,57
44980,57
133402,33
174250,57
173951,57
279401,1
123832,2
245002,28
238862,57
23471,57
294820,33
121040,57
111580,57
107770,53
160580,57
34742,25
198861,19
68091,57
136742,46
198260,45
263782,19
185010,57
112530,33
34492,33
166231,33
137332,35
65341,3
87822,20
18030,57
228560,18
60751,2
169972,9
53972,57
222531,19
201132,1
11460,57
109741,57
58551,43
29822,57
209490,56
226580,57
273922,53
245021,28
74670,57
98851,33
3570,2
249131,2
94272,46
180572,33
29131,57
250290,2
89251,57
198601,33
18860,53
131370,2
228880,57
209700,33
38632,33
81651,2
33702,17
81862,13
143080,2
286630,57
170480,33
285932,33
201630,33
146031,57
28710,51
50332,57
110400,57
237342,57
186631,57
178110,2
76520,57
249252,50
114641,57
129351,53
249720,2
158341,57
198932,33
103512,33
250870,14
60502,1
268911,53
97671,57
11862,53
40672,57
113682,2
265812,2
221991,2
210422,28
70912,54
294812,53
44701,1
258930,57
60571,57
247642,33
57372,2
33140,43
141882,51
73270,57
72850,57
174290,44
125880,57
41602,57
142211,19
2322,48
163630,2
128690,57
216441,57
252882,56
214721,39
50252,21
38462,33
221960,57
184242,33
293640,57
289251,18
12511,33
71071,2
17302,33
60802,33
112152,57
146672,57
162662,2
144472,2
189411,33
13162,57
77650,33
128140,33
240641,57
102090,51
267812,57
57710,57
96840,57
94540,2
26152,2
290801,2
69330,33
19130,33
36051,2
155091,33
22480,30
163930,53
107162,57
91311,39
52152,1
120990,2
143432,33
88962,33
251860,57
26421,33
153281,2
154262,50
294661,57
13051,57
144542,57
36722,53
273502,1
69530,3
232392,1
187670,2
76230,57
90752,25
211051,33
200781,57
23211,50
35412,2
104260,33
7041,2
107502,57
4361,57
78252,57
207952,39
55230,56
293690,14
9430,33
282480,33
151601,33
82,9
153280,17
107741,57
40370,57
265072,33
136741,33
277251,2
238800,43
195142,57
299042,12
182461,33
9381,56
198760,31
238890,57
293240,57
209402,57
146702,57
97211,18
214460,2
186782,57
273871,57
176881,52
93982,57
135871,57
206760,2
256921,54
152210,2
38782,56
106432,43
148001,33
78991,2
79522,33
160442,57
187421,2
13530,43
150440,2
76682,33
233960,2
135602,57
151222,14
227132,33
61222,44
71972,17
162540,53
203530,57
224570,29
55920,30
261612,57
153322,39
122991,53
238052,57
244102,33
146290,30
126962,57
182361,39
73592,2
162632,24
295151,39
254431,20
69900,57
95300,33
241070,57
263401,2
152662,17
107991,33
256930,2
94800,50
261491,57
219020,18
102901,33
86111,57
113482,39
2801,57
74360,33
254392,33
4822,33
187371,33
15460,33
162422,33
150291,57
60801,2
99460,33
79712,57
90871,2
294621,57
72191,43
24352,18
293112,57
108081,57
177162,57
265532,33
179072,57
229010,53
260282,33
148982,33
221300,49
273082,19
222781,33
62942,57
299421,57
105521,57
236082,57
276221,57
17572,28
35860,19
164380,18
269150,57
102522,57
224962,57
296291,2
34082,33
172162,2
211220,53
243870,2
151022,57
153781,18
171570,2
42801,57
178472,33
238870,43
70712,57
128620,39
231232,53
138500,57
205311,39
215030,57
186732,57
276950,2
48812,57
206672,2
219232,57
135542,57
55341,57
117591,51
140330,54
296741,53
265150,33
215992,33
102482,33
18512,39
86002,0
912,33
145312,57
198052,57
3482,57
84632,57
227591,33
132962,57
96422,33
154072,33
212551,57
69651,2
181960,57
175362,2
188330,57
153650,57
220410,2
56700,2
108510,21
202211,2
215182,33
106381,2
196982,57
21082,57
197200,57
290342,3
226890,39
111082,2
230481,2
257041,57
163520,57
204920,30
231332,17
105011,17
156812,33
237782,33
226122,1
2290,44
177992,39
175962,33
144661,53
244650,2
66620,2
37540,57
146980,33
2162,57
258231,33
66802,10
21890,43
210742,2
278582,57
86701,9
52230,17
138161,2
109341,3
114210,3
29341,35
137131,2
196891,33
277540,53
9370,29
66080,12
178661,39
44940,33
296351,57
85100,57
9550,2
167091,57
241662,57
287862,2
80521,33
199181,18
113020,2
195302,18
246382,53
258342,53
6212,2
219721,26
256152,30
27560,57
226571,57
20460,21
238631,2
1542,2
135990,40
83261,22
68111,57
237182,0
16871,53
252371,57
144580,33
123552,57
33240,2
265542,1
48680,2
165580,19
225761,57
125850,33
146951,33
94701,57
111280,39
47000,2
265712,56
87871,2
122780,57
201370,27
21442,39
238561,57
186431,57
140262,57
9621,2
116511,33
249052,57
144920,33
299872,2
191382,33
274072,57
198242,57
291311,1
262960,1
265080,8
133711,2
175821,57
249301,39
264862,27
178861,1
245641,57
175280,33
156932,57
10120,57
95571,57
114452,39
4870,57
195360,56
22422,2
111182,54
138650,57
3802,57
250392,57
114640,57
189212,33
155092,57
243111,33
68512,57
76450,22
218562,33
250592,22
138812,4
26432,17
59462,2
241722,33
281951,57
229810,33
122220,28
248491,56
12840,13
110592,43
150791,45
97350,57
231272,33
54700,2
89542,51
68372,1
181061,18
17221,2
185461,2
11292,57
264250,57
173661,33
109862,53
2011,39
283082,1
253112,57
24212,33
165101,1
279292,2
96722,43
210390,33
185710,54
5032,2
289932,2
170591,0
129512,33
227101,53
250721,57
18732,57
262242,57
154322,13
264142,3
186331,57
235991,13
95872,33
30790,2
286790,41
295072,22
42470,57
34980,33
244272,2
90702,57
177671,1
285110,2
258141,57
25682,3
154701,57
187381,33
244510,33
122192,2
288650,57
291470,1
146891,2
131160,2
283232,57
5382,33
58370,33
131081,18
161392,57
93310,57
243230,57
72092,55
150700,57
4520,57
120081,57
142810,48
71240,50
206411,33
269840,2
209132,53
87722,33
220082,57
236152,57
225951,33
154391,2
110650,57
248341,33
202572,56
63800,57
256842,57
211342,44
77152,2
187540,17
246401,2
129620,33
2161,11
148842,57
140120,33
12662,2
8940,57
46732,2
218810,2
54501,57
80912,2
7222,2
187530,57
283820,57
201102,33
224860,33
148541,2
33781,53
156281,57
275360,2
86862,52
135861,2
6032,49
255872,2
114391,57
178411,57
173912,1
93440,8
231271,13
220341,57
196851,13
83252,25
21990,2
218490,19
90582,13
75330,2
198612,33
239471,2
24370,17
222332,57
205751,35
27541,33
80132,53
290701,57
77982,44
295070,18
12492,1
87191,2
77700,33
281640,2
241512,57
166762,13
164762,33
55192,2
264031,57
85092,17
14012,39
130210,57
283002,57
102590,33
92802,39
9750,55
77782,33
92211,57
158731,33
145540,56
196422,33
192592,19
186820,32
158771,57
61752,2
230760,1
172572,33
18122,57
189522,13
276522,14
124892,3
235051,57
13270,56
17352,3
141541,57
110982,57
92590,57
192202,57
50981,57
203322,57
278662,57
126092,39
43081,57
35172,39
136121,2
30552,33
155820,2
148780,57
251420,2
162800,1
39311,37
183842,57
275272,22
277770,2
163280,57
285100,57
266011,13
22572,57
96642,39
30690,33
48730,33
22291,57
176672,57
262021,57
249972,25
45840,1
178862,57
133691,39
197652,57
289751,2
263321,57
201890,39
56330,57
82550,48
56531,57
213752,57
185802,15
139970,2
243202,33
37271,33
102021,2
265892,2
287831,57
276312,33
224042,33
239281,51
119722,57
119111,57
60421,57
126761,33
297312,57
131801,18
33041,57
137442,33
189312,33
49440,33
219510,33
253170,37
13220,2
289552,20
145302,33
138981,39
128852,21
52332,56
207472,2
98470,57
50872,2
118092,21
81061,33
79300,1
279382,33
212180,2
78742,43
36391,37
143770,33
19201,57
247230,15
104982,57
156630,57
174022,57
63520,33
4432,57
39820,22
95740,57
160072,11
197342,19
113480,2
98132,2
132430,14
294200,56
237950,2
296300,32
242721,51
82732,1
270431,57
192911,46
284502,56
171762,57
220481,6
238751,57
285802,51
188552,29
82122,33
272951,13
106491,57
121772,57
106801,2
246052,33
254142,56
61540,57
299261,13
142131,54
235410,57
93371,57
93411,33
11451,57
218212,57
88050,33
256592,33
224612,2
160212,21
188340,57
200902,57
12120,39
85711,57
239071,57
230260,33
298292,2
274690,57
293000,2
166722,57
287871,2
92311,57
236531,33
283450,57
81902,2
242342,33
266032,1
245341,13
237992,57
222932,57
70361,2
126180,57
106100,57
10190,57
175810,2
260811,57
110700,57
198141,57
45100,10
70450,46
220782,57
125931,44
62101,57
15041,22
205911,57
92021,17
281142,57
122331,33
269102,57
73060,2
59840,2
104240,57
113110,33
275761,17
11742,33
131411,57
155261,17
96000,57
38140,39
19771,2
94790,57
268312,57
181272,13
286760,2
157381,57
239340,2
26390,57
88891,2
232580,33
53350,2
108950,33
46870,57
203340,33
70410,57
233342,1
130502,16
204170,57
276141,53
33282,33
102170,57
288751,33
209941,2
197750,57
138722,57
210992,3
172340,57
258921,57
242111,33
235572,57
63731,53
248140,3
210441,33
207660,57
197480,57
274241,57
131250,57
257601,39
47701,39
42492,29
282812,2
159271,2
77180,57
17781,33
126251,57
77231,57
199942,57
216570,18
199330,57
230860,2
117352,12
250110,57
255402,52
32672,1
32771,2
94982,2
132242,33
146991,21
43952,2
13502,11
20570,2
136402,21
28822,2
212832,43
264740,57
267651,57
104721,13
147032,43
255450,2
131342,57
82832,57
175371,33
18762,33
23271,57
110862,57
12880,57
271512,2
47770,2
230632,15
36901,50
194592,57
267702,57
194721,33
152932,39
137971,37
275950,57
122170,57
272981,57
5440,33
205582,13
164850,33
43112,57
91840,32
74732,33
199460,1
281612,57
252571,2
247570,57
221771,33
140312,1
18532,43
34001,21
29252,57
203810,17
145200,57
162700,33
94421,2
263531,2
223722,34
268531,37
120170,57
163900,57
17191,17
91882,57
20180,33
72510,57
90602,57
156541,53
251980,33
88992,37
94391,57
236340,22
8651,18
41802,57
100190,2
203842,2
278322,49
252592,50
248332,33
236890,57
77521,56
131640,57
9931,53
97452,51
115660,57
79580,2
62932,13
174860,33
216561,33
65062,33
133110,57
294131,43
24671,39
167321,18
61310,57
266831,56
73860,57
275571,33
220651,17
180781,55
37580,57
64792,46
188272,57
282492,33
76491,2
87580,2
36231,50
119580,1
298942,33
20192,39
277081,33
188092,57
296031,57
122380,57
210760,57
145882,57
169270,18
262160,57
9972,33
225472,20
241912,57
36872,33
282491,22
243522,57
140080,24
203880,1
290931,57
144182,39
238500,33
158672,57
124172,57
9641,2
77861,14
186581,33
294672,57
138072,33
241942,57
131262,21
114880,38
41700,2
147670,53
212752,43
245672,2
242922,21
106010,2
167202,33
143251,2
127080,2
259972,57
18841,50
274202,57
178921,57
109342,18
292971,29
175632,33
289441,33
181812,57
102922,33
7181,33
199362,2
1291,43
248700,2
236442,28
275592,57
210361,33
182601,2
199962,57
152652,33
266861,52
77470,2
35111,57
230472,2
44930,56
117842,57
174511,2
27131,33
68001,2
214161,50
297002,23
43082,28
150392,33
10711,56
256681,33
119182,11
199271,1
109941,15
59081,41
289661,33
110110,53
214221,25
250150,2
129032,33
206802,33
41301,45
299861,2
60852,42
149022,53
119952,30
70180,2
130810,33
1982,33
39071,33
24062,33
118632,39
84471,2
280250,57
267401,57
47631,27
108680,2
289872,57
217162,35
114052,53
107141,57
208530,56
114570,33
295842,57
99211,2
70131,2
271101,1
139492,57
274061,2
132102,2
26550,33
264602,20
143221,4
148550,33
42411,50
221921,13
176071,33
203720,2
185330,57
260572,57
95820,33
166172,57
90951,3
58291,33
11040,48
242502,18
155592,2
163820,33
46931,2
77141,14
117252,57
100771,26
49291,33
162780,57
153072,39
158760,57
154602,56
113200,33
161931,57
182291,18
118820,57
236721,13
164001,13
43730,57
36091,57
239820,57
197880,57
199110,57
237251,56
32842,57
207421,57
133840,33
13181,30
221071,2
297861,2
266192,39
31640,29
293620,50
168982,2
225962,33
73311,2
160891,57
25250,2
112990,57
127190,39
111650,43
124132,33
234000,50
226361,57
66071,38
195640,57
246801,18
208730,57
289102,33
59802,57
75521,37
280722,57
267450,1
135362,57
280642,33
140681,2
14602,17
263990,38
259670,26
1940,57
105510,28
243980,57
17801,5
103900,2
144851,57
420,1
194202,57
166582,2
190092,3
294051,43
118150,33
70961,57
143071,10
238981,2
201202,53
122452,33
88171,33
4752,2
152291,38
246460,57
226652,33
113002,57
246742,57
145372,33
38042,57
237701,57
217460,2
250222,33
271590,13
133620,57
110751,57
189731,57
38991,57
187951,57
58600,3
66400,57
178392,18
219361,33
113472,57
203750,29
291811,33
2980,1
86320,33
269751,33
238322,33
258941,2
228280,57
276470,17
103192,33
73510,45
115712,3
40552,57
12160,24
41260,57
35940,6
64070,12
129750,57
99302,2
297910,2
90981,53
255890,3
32732,53
297592,57
67210,33
268902,2
147890,2
261842,33
178021,19
260781,57
206510,21
166011,27
15772,33
72592,34
252070,13
221751,56
283222,18
177600,33
107422,57
157282,57
14592,53
292902,37
8880,57
38021,57
299930,25
120810,2
81121,38
196450,46
244610,56
137562,33
90180,13
161600,57
261881,57
17871,2
220312,33
74580,57
11480,33
247590,2
290312,18
217721,57
14610,3
15100,13
234902,2
134050,2
189002,53
100550,22
144930,54
56062,2
285272,2
156660,53
228541,11
13450,57
224471,57
87691,33
109411,39
210470,33
107750,50
148772,57
246860,6
293122,33
83071,57
11191,57
51400,57
277002,56
168910,22
276942,24
18810,57
127340,57
140250,2
106230,30
205071,57
56281,2
60470,14
177252,57
248272,57
192622,57
4211,53
148140,57
71582,57
91892,57
221860,11
7482,57
203020,33
50712,33
129802,55
257741,53
237702,57
287772,57
172671,13
170032,2
299540,19
158312,43
32821,50
271171,57
174862,57
121811,16
292702,57
59751,33
299240,18
91142,33
172322,9
117670,30
102112,2
107321,33
12391,56
102010,33
134580,33
106770,27
24020,13
195300,19
127620,33
20030,33
235310,57
201771,38
39060,57
45871,33
258332,2
58531,57
267690,57
157140,2
292451,54
43691,17
43531,21
249621,2
222830,2
230200,44
19942,33
174680,50
56432,57
229910,33
116190,2
243552,16
232121,1
245800,1
238172,2
10460,55
150040,22
251561,0
127841,33
189691,33
166872,2
88480,19
72362,33
17471,57
85202,57
130140,44
256022,57
154371,57
139650,20
110142,1
233660,33
237712,33
154702,37
211100,57
278121,2
250500,11
24270,51
229452,57
32991,33
171872,28
173210,57
263722,57
232441,33
182100,3
171092,57
200880,50
296401,2
205602,5
165961,2
209281,44
260770,57
59022,50
127521,57
99771,51
271030,33
97790,2
113791,44
214310,33
104641,2
45631,57
298272,57
233030,57
3621,57
249371,33
171590,44
96211,33
134982,53
34801,15
36732,11
100102,57
37022,2
12481,53
227630,57
288530,57
226852,18
150101,57
69341,33
242500,39
131110,1
30672,57
227822,30
96090,49
109352,2
22301,33
161640,2
244561,2
269351,33
131092,2
221892,2
153921,57
173341,45
28360,39
175922,30
38861,2
199700,57
286311,19
65350,57
11082,30
257182,36
266950,28
292261,57
158902,2
43370,57
69390,57
154210,53
256881,57
137841,33
285521,2
872,2
258521,33
238820,57
239082,33
185640,33
232270,33
193640,57
200412,57
91902,28
5962,43
201011,57
279660,33
140362,57
246811,33
266750,57
22190,1
77962,57
84931,33
63020,2
155861,13
274131,1
140302,23
235401,57
42192,22
236590,33
192722,57
60231,39
38651,33
207310,18
256982,57
94861,2
99001,57
80340,33
95552,57
284852,33
182772,12
43632,56
177441,57
183302,29
34842,33
293851,13
280110,49
70201,33
54401,4
62891,2
249311,33
147062,1
36561,57
53912,44
58271,43
198660,33
146551,57
21631,30
299051,17
106742,57
289392,57
160032,57
70051,57
51372,57
102831,57
107431,28
179990,24
190302,57
60230,57
72660,57
255721,13
101982,57
48971,43
159090,23
177450,57
169791,2
24950,37
82791,1
129082,45
144180,33
67300,43
151731,15
200202,56
20070,57
243922,1
3962,57
73971,54
78652,53
64570,6
273532,43
275270,57
215451,2
36712,57
157430,43
299910,20
234381,33
156690,2
201360,57
156402,57
6002,33
251912,2
66280,57
46980,41
203341,49
222192,1
156481,0
198100,9
297610,22
8142,33
145180,44
166051,13
233542,39
68621,57
276672,17
197610,56
151602,22
292160,28
290010,33
199721,18
10700,57
28442,3
192012,57
177971,36
140441,56
254301,2
261650,33
149462,57
3830,20
39202,33
87881,2
160380,57
148990,2
163380,11
232061,33
235681,53
170922,57
291001,17
33660,2
31961,50
238282,57
226810,2
50701,2
81880,30
284481,1
7570,57
284331,28
283552,23
202521,57
3351,33
2192,57
132901,28
39212,2
97081,1
267961,33
240681,33
78971,33
221311,33
245681,37
128890,22
128261,2
259450,2
32901,2
298730,39
244562,56
284140,57
4800,33
6200,40
182282,19
11832,57
281170,57
261442,42
140230,57
217331,2
232851,50
181262,57
282941,30
188590,57
193391,56
14762,11
242770,2
123012,43
76832,33
223341,45
96921,2
166450,57
222561,55
169520,2
268941,57
271070,30
148051,0
97412,57
283170,2
195812,2
281840,39
234790,39
144872,39
243912,33
64910,33
226972,21
278780,33
80830,57
290271,2
193631,57
255900,27
172741,38
292990,57
106402,57
96072,57
256291,57
44391,2
288582,32
283592,11
127570,3
124022,57
280240,57
40210,2
200280,25
59312,57
245941,33
173490,2
285840,57
270682,33
145321,57
245931,57
96342,57
147440,57
26672,22
83292,3
101861,25
241910,2
294250,17
219010,33
137941,39
195330,3
154312,57
101510,2
118132,51
207102,33
194990,33
194012,20
54500,57
111952,33
12552,43
134210,2
65802,57
242460,33
205830,57
164612,33
209721,57
258050,11
5182,57
119420,57
238072,33
47150,57
131551,33
8130,57
13261,2
201531,56
181191,57
182940,33
274551,10
165982,57
279652,39
73781,53
155011,2
151450,57
39301,57
128152,2
46620,41
29962,22
62911,57
203552,57
73480,56
238191,33
123761,39
207520,2
237121,33
277840,57
611,57
192780,1
181402,57
265742,57
273111,57
4932,2
274422,57
216880,53
284332,17
159391,12
216771,18
134230,56
228440,57
61791,57
294810,21
279480,37
135440,22
120992,33
104290,36
283972,33
190651,33
88770,2
112461,22
280730,2
264071,2
97700,38
96471,19
94812,53
40100,14
41791,10
45401,18
56092,57
195910,33
148352,17
19761,2
137782,2
152592,33
252302,57
147000,2
74621,57
115191,57
298211,35
199582,39
264770,57
121850,30
152470,2
26931,33
295860,33
288541,57
130240,33
69400,55
97502,57
265501,2
270622,33
181232,2
262472,26
152540,57
124392,39
254292,33
191282,33
159741,57
208201,2
297501,28
58532,57
181800,29
162181,57
112511,57
202652,19
180392,33
270731,57
161332,10
174120,46
41662,33
270500,57
162482,2
237441,53
162931,57
224600,2
275321,33
2130,46
290210,2
242141,33
147730,21
171961,22
299181,1
127781,57
97230,57
134850,12
248731,2
51262,2
271151,57
55662,14
155631,33
217952,57
227402,2
268702,20
213732,43
227342,33
41470,18
49501,11
67140,44
141012,33
36660,3
132931,17
179780,57
51911,54
91552,57
242972,29
170170,21
31802,57
9861,25
121411,49
13422,33
154460,44
230081,33
263322,30
290222,11
155622,53
56852,1
214862,11
13260,57
166760,1
86981,57
277402,57
136791,33
289690,13
31100,2
132100,21
98662,19
179250,57
105022,33
224830,57
43722,57
295711,57
100801,57
130731,57
291270,57
268181,2
277391,33
114301,33
204450,20
85761,57
271921,33
163521,24
49671,22
771,20
225902,2
234461,1
80342,33
195011,50
281790,57
29991,57
144700,37
128441,43
218171,2
110291,33
144230,57
175250,22
4042,33
29750,18
276690,57
24540,57
133081,2
208260,17
234270,33
226101,57
250311,39
145120,32
173680,57
123400,30
18060,57
267091,57
23542,2
143782,35
119661,57
124760,33
48760,57
110452,39
127630,2
202041,57
175920,1
85800,57
121162,57
177521,57
283032,29
123770,33
28190,57
137612,15
275370,27
286532,26
244602,57
57300,57
225960,53
50232,57
134172,57
213802,43
55161,33
122722,2
228751,33
125391,57
200470,57
36581,57
14770,57
244072,57
254671,33
194161,20
178590,57
30891,57
12740,33
250191,2
291262,33
288040,57
35861,42
35001,57
223591,17
184462,1
229251,57
12270,2
208042,57
299160,33
9540,33
57860,57
133032,33
258112,33
69451,33
253851,57
212421,39
295982,33
51902,12
264381,33
162590,57
50412,37
144641,12
147881,57
214342,33
210640,2
243312,57
99490,27
71701,50
125352,33
32141,57
273181,33
274171,2
285700,43
10121,57
168432,33
70411,57
107311,33
221681,57
95961,53
44260,2
190322,56
260751,1
8281,39
70280,39
241260,2
8332,2
292461,33
36740,57
240940,57
272521,51
237820,33
20751,55
192420,13
92642,57
129602,57
201782,13
250962,1
234851,57
6241,33
237011,55
260832,33
286622,6
183512,15
173740,2
70140,57
181881,2
184401,19
104211,33
43930,57
181302,57
44281,1
227652,2
56831,43
258922,57
103610,57
83980,2
236532,33
94550,39
9300,2
264832,22
285300,52
233220,2
102411,18
40170,3
245281,33
151490,33
17340,2
237241,33
145491,33
61512,52
292130,57
11542,57
148320,47
281410,33
67710,0
151501,2
230460,33
214682,22
257862,57
111380,33
102800,4
155840,33
166831,33
219451,56
191912,57
248231,21
216230,57
50010,33
198061,33
175060,57
14221,2
131271,57
137632,1
225510,1
72641,57
142742,57
188640,57
4190,57
220292,18
44662,2
87151,57
127831,53
164802,56
134961,57
158200,51
73381,9
247482,2
181411,57
179760,44
136841,2
66500,17
242930,29
49372,57
185752,33
291121,33
195822,57
61490,33
37151,33
8211,33
213081,18
178821,13
85530,57
23410,57
90562,38
282121,53
138682,33
217030,57
128222,2
202950,56
44332,1
293652,57
145152,23
285772,57
113312,57
166720,57
28521,57
138172,57
77462,33
64282,33
164492,57
71581,33
134612,33
240160,57
25752,33
38792,57
239411,56
260001,56
14051,1
148811,2
277741,39
254352,57
2231,33
167572,57
234962,57
262880,57
184642,57
297090,57
139002,2
175261,33
299392,57
19441,33
113322,31
73972,33
165621,57
186610,5
23991,1
234931,57
36980,2
42512,1
172342,17
194531,33
174822,57
73910,2
163810,53
85422,57
243951,33
192041,41
108411,33
236771,33
17832,2
218981,2
260130,12
43560,57
2542,31
97852,33
71242,43
800,57
7280,13
82571,29
23191,8
214550,57
263242,57
38841,2
188212,57
150911,57
179750,57
136711,57
71500,57
44452,2
21640,33
144301,42
25270,1
124032,57
250590,1
139732,53
281502,18
87830,33
108192,33
48602,57
132070,21
203092,33
229761,13
299120,2
127400,33
15040,53
113521,33
169411,57
31921,1
239282,57
264871,33
4400,2
83402,57
110881,56
62551,57
84382,57
181111,57
155111,2
138871,33
103741,57
243851,57
24710,57
47112,2
271880,33
231930,57
140190,57
73322,57
245432,57
160550,57
66470,44
41432,57
171372,2
132450,32
131882,2
120370,17
83830,19
1451,57
246800,33
175472,53
156591,57
266970,57
268421,2
78210,13
104880,31
130091,57
121590,57
264052,57
21130,25
165800,33
60241,33
196112,57
227432,17
232752,22
25730,33
144560,57
258260,2
172630,57
135552,22
259662,56
81451,57
186090,3
78731,36
80361,37
288852,2
180850,33
175210,13
222222,23
46300,2
231302,2
67431,57
43812,11
283961,57
199852,57
219840,13
290190,50
202291,14
104962,2
100172,33
190831,33
270900,33
80450,2
164372,57
97132,55
100652,57
135802,39
19330,2
119790,2
99011,49
148680,39
147251,19
144612,11
119951,33
261260,18
60280,57
242231,37
26640,13
64902,33
175221,27
44221,33
153772,33
143132,33
90632,33
226422,57
80460,39
246172,33
243790,33
298120,57
255131,51
171880,57
199811,39
181121,57
286210,33
90790,1
246831,18
153381,37
279821,57
19870,57
184241,57
265732,39
26771,30
75681,1
8062,57
79970,1
267050,3
17372,2
58760,27
117721,2
21370,2
103681,57
45472,57
299201,2
266810,57
43020,2
296082,57
81852,57
82651,33
153471,57
203740,39
158442,18
163582,2
105272,33
35700,57
208511,25
286140,57
73211,39
232232,33
113932,2
238100,57
34440,2
151011,33
213901,33
218790,10
276160,57
80951,2
295660,57
184732,13
208882,57
167300,2
223032,57
257970,57
66880,33
37222,2
274500,0
206362,25
284920,57
267652,39
166140,57
3861,40
178320,56
249401,39
138700,57
295312,22
251460,57
201802,22
171351,57
219482,33
216841,21
228451,57
69750,2
54512,57
120491,3
184950,57
199531,14
184742,33
112142,57
21980,39
135911,2
91771,33
256160,57
235250,33
218942,33
109272,22
102962,33
215121,6
16331,39
142872,57
212670,18
259121,56
531,2
295932,25
23122,53
59260,33
272442,33
37362,2
246002,19
24030,57
173601,53
288720,53
180730,33
22012,2
74941,1
121092,33
263300,2
277151,57
249032,33
197581,56
169701,57
52981,57
124612,57
223301,20
50231,57
224381,1
16690,57
241322,33
120312,33
162642,53
14171,33
189950,46
88432,13
247921,15
156612,1
510,57
289892,33
152532,2
81990,57
180291,57
214052,57
196280,57
210752,2
271591,57
251112,57
259630,33
61862,57
273902,25
286581,57
194010,57
109912,2
54702,32
280261,33
50512,2
155641,2
280822,57
81521,33
5911,53
139172,53
51530,56
246012,57
230590,57
113561,2
155380,2
142722,41
74220,43
57102,13
241440,57
281802,33
256270,17
290990,57
267222,33
114331,2
155152,57
166850,11
47451,56
182201,33
141861,33
100442,57
260652,2
128451,2
159960,21
215602,17
77351,2
171052,2
202990,57
62262,2
138970,57
252240,53
279412,33
11650,33
202312,56
225851,33
26790,57
255700,57
111202,33
134512,33
135632,57
248851,3
263592,57
122052,57
254821,4
282832,33
218831,5
49530,2
122371,31
62510,29
113922,33
141570,57
214112,33
119122,33
109431,33
15391,57
8351,1
35302,33
25881,57
277882,57
56951,56
265611,10
102392,57
1472,57
221770,57
189392,57
236520,57
71921,43
257692,17
174420,1
227971,57
55281,57
281121,55
20372,15
152191,19
223450,57
184881,9
214272,28
154402,0
181610,57
294340,12
226540,25
157532,15
74890,1
257052,57
89380,57
64622,1
86481,56
286570,6
126592,56
243471,57
210531,33
197352,33
192761,57
260902,57
72290,57
251580,57
192400,13
77111,57
67352,57
62122,50
191942,45
272820,2
80230,33
103401,15
51432,39
194112,3
219902,57
298501,2
199790,39
208420,57
119152,2
120832,57
101391,1
261782,57
293241,56
135101,42
91562,2
60401,57
100012,57
15270,2
165460,19
122512,2
151031,11
167582,57
124522,55
202131,2
265460,11
1082,2
64710,2
235642,12
179190,57
41412,20
103981,3
59890,2
295252,16
160341,57
214260,57
70240,57
168501,57
156211,33
54922,56
170382,39
80442,57
231560,2
54490,33
36152,2
58691,57
85000,39
187542,22
224142,2
119922,53
182090,57
162801,12
203872,57
255102,33
284512,57
56452,57
29722,57
237961,57
155722,57
96952,1
283052,57
34402,57
5412,43
22351,57
168162,57
93650,39
33451,57
94101,33
67752,2
39582,33
69901,22
293672,44
33792,34
91330,33
130720,1
139272,53
95822,30
194210,57
299432,18
123941,2
114091,2
8770,1
20840,57
112181,25
112732,57
231572,33
222550,57
239911,2
91780,2
170461,1
180400,19
284812,57
15150,57
165311,57
37380,13
112741,2
28362,33
188062,57
117802,44
185880,57
150010,57
261731,34
146701,57
49201,33
218291,57
186802,33
134241,57
63082,53
188750,13
228692,57
166880,53
23450,1
23270,33
17671,2
289641,39
186312,50
163271,57
71381,57
145980,57
182370,57
218182,53
296721,33
103310,2
10520,2
29461,57
53572,55
